{"is_source_file": false, "format": null, "description": null, "external_files": [], "external_methods": [], "published": [], "classes": [], "methods": [], "calls": [], "search-terms": ["CSS variables", "theme management", ":root", ".App", ".theme-toggle"], "state": 2, "file_id": 9, "knowledge_revision": 20, "git_revision": "aca29d52470278c6baecfb5ee34b2de5e1efbe6c", "hash": "22f9e17cc1848b56dbb244518ac2707e", "format-version": 4, "code-base-name": "notes_frontend", "filename": "notes_frontend/src/App.css", "revision_history": [{"20": "aca29d52470278c6baecfb5ee34b2de5e1efbe6c"}]}