{"is_source_file": true, "format": "JavaScript (React component)", "description": "This file defines a React functional component 'Sidebar' that renders a list of notes in a sidebar interface, including functionality for creating, selecting, and deleting notes. It also includes a helper function 'getDisplayTitle' for note title display logic.", "external_files": ["react"], "external_methods": ["React.useMemo"], "published": ["default (Sidebar component)"], "classes": [], "methods": [{"name": "getDisplayTitle(note)", "description": "Helper function that returns a trimmed note title or 'Untitled note' if the title is missing or empty.", "scope": "", "scopeKind": ""}, {"name": "Sidebar({ notes, selectedNoteId, isLoading, onCreateNote, onSelectNote, onDeleteNote, })", "description": "React functional component that renders the notes sidebar with functionalities to create, select, and delete notes.", "scope": "", "scopeKind": ""}], "calls": ["React.useMemo", "Array.isArray", "Date.prototype.toLocaleString", "onCreateNote", "onSelectNote", "onDeleteNote"], "search-terms": ["Sidebar React component", "notes list", "note creation", "note deletion", "note selection", "useMemo", "getDisplayTitle", "notes_sidebar_component"], "state": 2, "file_id": 14, "knowledge_revision": 34, "git_revision": "303e2bb4cce33c3c1fc0eb0a5cb429676768a726", "ctags": [{"_type": "tag", "name": "Sidebar", "path": "/home/kavia/workspace/code-generation/simple-notes-application-315270-315279/notes_frontend/src/components/Sidebar.js", "pattern": "/^export default function Sidebar({$/", "language": "JavaScript", "kind": "function", "signature": "({ notes, selectedNoteId, isLoading, onCreateNote, onSelectNote, onDeleteNote, })"}, {"_type": "tag", "name": "getDisplayTitle", "path": "/home/kavia/workspace/code-generation/simple-notes-application-315270-315279/notes_frontend/src/components/Sidebar.js", "pattern": "/^function getDisplayTitle(note) {$/", "language": "JavaScript", "kind": "function", "signature": "(note)"}, {"_type": "tag", "name": "isLoading", "path": "/home/kavia/workspace/code-generation/simple-notes-application-315270-315279/notes_frontend/src/components/Sidebar.js", "pattern": "/^          disabled={isLoading}$/", "language": "JavaScript", "kind": "field", "scope": "Sidebar.disabled", "scopeKind": "class"}, {"_type": "tag", "name": "onCreateNote", "path": "/home/kavia/workspace/code-generation/simple-notes-application-315270-315279/notes_frontend/src/components/Sidebar.js", "pattern": "/^          onClick={onCreateNote}$/", "language": "JavaScript", "kind": "field", "scope": "Sidebar.onClick", "scopeKind": "class"}], "hash": "df7cf368393bef35bee3cce2a5d5611f", "format-version": 4, "code-base-name": "notes_frontend", "filename": "notes_frontend/src/components/Sidebar.js", "fields": [{"name": "disabled={isLoading}", "scope": "Sidebar.disabled", "scopeKind": "class", "description": "unavailable"}, {"name": "onClick={onCreateNote}", "scope": "Sidebar.onClick", "scopeKind": "class", "description": "unavailable"}], "revision_history": [{"34": "303e2bb4cce33c3c1fc0eb0a5cb429676768a726"}]}