{"is_source_file": false, "format": "", "description": "", "external_files": [], "external_methods": [], "published": [], "classes": [], "methods": [], "calls": [], "search-terms": [], "state": 2, "file_id": 2, "knowledge_revision": 19, "git_revision": "aca29d52470278c6baecfb5ee34b2de5e1efbe6c", "hash": "ebece526bc2eadd78ddd787a76c56607", "format-version": 4, "code-base-name": "notes_frontend", "filename": "notes_frontend/README.md", "revision_history": [{"19": "aca29d52470278c6baecfb5ee34b2de5e1efbe6c"}]}