{"is_source_file": true, "format": "JavaScript", "description": "This is the entry point file for a React web application, responsible for rendering the main App component into the DOM.", "external_files": ["react", "react-dom/client", "./index.css", "./App"], "external_methods": ["ReactDOM.createRoot", "root.render"], "published": ["index.js"], "classes": [], "methods": [{"name": "ReactDOM.createRoot", "description": "Creates a root to enable React 18 concurrent rendering features."}, {"name": "root.render", "description": "Renders React elements into the DOM at the specified root."}], "calls": ["ReactDOM.createRoot", "root.render", "<React.StrictMode>", "<App />"], "search-terms": ["ReactDOM", "createRoot", "React.StrictMode", "App component", "entry point"], "state": 2, "file_id": 6, "knowledge_revision": 22, "git_revision": "aca29d52470278c6baecfb5ee34b2de5e1efbe6c", "ctags": [{"_type": "tag", "name": "root", "path": "/home/kavia/workspace/code-generation/simple-notes-application-315270-315279/notes_frontend/src/index.js", "pattern": "/^const root = ReactDOM.createRoot(document.getElementById('root'));$/", "language": "JavaScript", "kind": "constant"}], "hash": "9fc5841375336fc175b49f8767a11383", "format-version": 4, "code-base-name": "notes_frontend", "filename": "notes_frontend/src/index.js", "revision_history": [{"22": "aca29d52470278c6baecfb5ee34b2de5e1efbe6c"}]}