{"is_source_file": false, "format": "", "description": "", "external_files": [], "external_methods": [], "published": [], "classes": [], "methods": [], "calls": [], "search-terms": ["index.css", "CSS", "styles", "body", "font-family", "background", "color", "code", "font-smoothing"], "state": 2, "file_id": 7, "knowledge_revision": 31, "git_revision": "303e2bb4cce33c3c1fc0eb0a5cb429676768a726", "revision_history": [{"17": "aca29d52470278c6baecfb5ee34b2de5e1efbe6c"}, {"31": "303e2bb4cce33c3c1fc0eb0a5cb429676768a726"}], "hash": "3aaa17ead885a96a14f59b1b2f349d9a", "format-version": 4, "code-base-name": "notes_frontend", "filename": "notes_frontend/src/index.css"}