{"is_source_file": true, "format": "HTML", "description": "This is an HTML file serving as the main template for a web application's frontend, setting up meta information, linking fonts and manifest files, and providing a root div for rendering a JavaScript app.", "external_files": ["%PUBLIC_URL%/favicon.ico", "%PUBLIC_URL%/logo192.png", "%PUBLIC_URL%/manifest.json"], "external_methods": [], "published": [], "classes": [], "methods": [], "calls": [], "search-terms": ["index.html", "public folder", "HTML template", "React root div", "meta tags"], "state": 2, "file_id": 4, "knowledge_revision": 18, "git_revision": "aca29d52470278c6baecfb5ee34b2de5e1efbe6c", "hash": "d2b40d02d5f7873d8a6713bad837edd4", "format-version": 4, "code-base-name": "notes_frontend", "filename": "notes_frontend/public/index.html", "revision_history": [{"18": "aca29d52470278c6baecfb5ee34b2de5e1efbe6c"}]}