{"is_source_file": true, "format": "JavaScript (React JSX)", "description": "This file defines the main App component for a React application, managing a theme toggle between light and dark modes with a button and updating the document's data-theme attribute accordingly.", "external_files": ["./logo.svg", "./App.css"], "external_methods": ["document.documentElement.setAttribute"], "published": ["App"], "classes": [], "methods": [{"name": "App()", "description": "Main React functional component that manages theme state and renders UI elements including a toggle button, logo, and informational text.", "scope": "", "scopeKind": ""}, {"name": "toggleTheme", "description": "Handles toggling the theme state between 'light' and 'dark'."}], "calls": ["useState", "useEffect", "document.documentElement.setAttribute"], "search-terms": ["React theme toggle", "useState hook", "useEffect hook", "App component", "dark mode", "light mode", "JSX render"], "state": 2, "file_id": 8, "knowledge_revision": 24, "git_revision": "aca29d52470278c6baecfb5ee34b2de5e1efbe6c", "ctags": [{"_type": "tag", "name": "App", "path": "/home/kavia/workspace/code-generation/simple-notes-application-315270-315279/notes_frontend/src/App.js", "pattern": "/^function App() {$/", "language": "JavaScript", "kind": "function", "signature": "()"}, {"_type": "tag", "name": "Switch to ${theme === 'light' ? 'dark' : 'light'} mode", "path": "/home/kavia/workspace/code-generation/simple-notes-application-315270-315279/notes_frontend/src/App.js", "pattern": "/^          aria-label={`Switch to ${theme === 'light' ? 'dark' : 'light'} mode`}$/", "language": "JavaScript", "kind": "field", "scope": "App.aria", "scopeKind": "class"}, {"_type": "tag", "name": "toggleTheme", "path": "/home/kavia/workspace/code-generation/simple-notes-application-315270-315279/notes_frontend/src/App.js", "pattern": "/^          onClick={toggleTheme}$/", "language": "JavaScript", "kind": "field", "scope": "App.onClick", "scopeKind": "class"}], "hash": "b55dd9e6a018e59207d8e277dffd9e11", "format-version": 4, "code-base-name": "notes_frontend", "filename": "notes_frontend/src/App.js", "fields": [{"name": "aria-label={`Switch to ${theme === 'light' ? 'dark' : 'light'} mode`}", "scope": "App.aria", "scopeKind": "class", "description": "unavailable"}, {"name": "onClick={toggleTheme}", "scope": "App.onClick", "scopeKind": "class", "description": "unavailable"}], "revision_history": [{"24": "aca29d52470278c6baecfb5ee34b2de5e1efbe6c"}]}