{"is_source_file": false, "format": null, "description": "", "external_files": [], "external_methods": [], "published": [], "classes": [], "methods": [], "calls": [], "search-terms": ["eslint", "eslint.config.mjs", "eslint", "plugins", "rules", "react"], "state": 2, "file_id": 3, "knowledge_revision": 15, "git_revision": "aca29d52470278c6baecfb5ee34b2de5e1efbe6c", "hash": "be6538e7523bc2e9da0743133d784136", "format-version": 4, "code-base-name": "notes_frontend", "filename": "notes_frontend/eslint.config.mjs", "revision_history": [{"15": "aca29d52470278c6baecfb5ee34b2de5e1efbe6c"}]}