{"is_source_file": true, "format": "JavaScript (React JSX)", "description": "A React component called AppHeader that renders a header bar for the notes application, displaying the app title, subtitle, and a status indicator based on loading or error states.", "external_files": ["react"], "external_methods": [], "published": ["default"], "classes": [], "methods": [{"name": "AppHeader({ isLoading, errorMessage })", "description": "React functional component rendering the header section with status indicator based on props `isLoading` and `errorMessage`.", "scope": "", "scopeKind": ""}], "calls": ["React"], "search-terms": ["AppHeader", "notes app header", "status indicator", "React component", "loading state", "error message display"], "state": 2, "file_id": 13, "knowledge_revision": 33, "git_revision": "303e2bb4cce33c3c1fc0eb0a5cb429676768a726", "ctags": [{"_type": "tag", "name": "AppHeader", "path": "/home/kavia/workspace/code-generation/simple-notes-application-315270-315279/notes_frontend/src/components/AppHeader.js", "pattern": "/^export default function AppHeader({ isLoading, errorMessage }) {$/", "language": "JavaScript", "kind": "function", "signature": "({ isLoading, errorMessage })"}], "hash": "af53312aace5102752e6a511ac662604", "format-version": 4, "code-base-name": "notes_frontend", "filename": "notes_frontend/src/components/AppHeader.js", "revision_history": [{"33": "303e2bb4cce33c3c1fc0eb0a5cb429676768a726"}]}