{"is_source_file": true, "format": "JavaScript (React JSX)", "description": "A React functional component named NoteEditor that allows users to edit the title and content of a note, maintaining local state for responsive typing and notifying parent components of changes.", "external_files": ["react"], "external_methods": ["React.useState", "React.useEffect"], "published": ["default export: NoteEditor"], "classes": [], "methods": [{"name": "NoteEditor({ note, onChange })", "description": "A React functional component that provides a controlled editor interface for note's title and content, handling local state and propagating changes to parent.", "scope": "", "scopeKind": ""}, {"name": "emitChange", "description": "Internal helper function to invoke onChange callback with updated note data."}], "calls": ["useState", "useEffect", "setTitle", "setContent", "onChange"], "search-terms": ["React NoteEditor", "controlled component", "local input state", "editable note", "useEffect dependency id"], "state": 2, "file_id": 15, "knowledge_revision": 35, "git_revision": "303e2bb4cce33c3c1fc0eb0a5cb429676768a726", "ctags": [{"_type": "tag", "name": "14", "path": "/home/kavia/workspace/code-generation/simple-notes-application-315270-315279/notes_frontend/src/components/NoteEditor.js", "pattern": "/^        rows={14}$/", "language": "JavaScript", "kind": "field", "scope": "NoteEditor.rows", "scopeKind": "class"}, {"_type": "tag", "name": "NoteEditor", "path": "/home/kavia/workspace/code-generation/simple-notes-application-315270-315279/notes_frontend/src/components/NoteEditor.js", "pattern": "/^export default function NoteEditor({ note, onChange }) {$/", "language": "JavaScript", "kind": "function", "signature": "({ note, onChange })"}, {"_type": "tag", "name": "content", "path": "/home/kavia/workspace/code-generation/simple-notes-application-315270-315279/notes_frontend/src/components/NoteEditor.js", "pattern": "/^        value={content}$/", "language": "JavaScript", "kind": "field", "scope": "NoteEditor.value", "scopeKind": "class"}, {"_type": "tag", "name": "title", "path": "/home/kavia/workspace/code-generation/simple-notes-application-315270-315279/notes_frontend/src/components/NoteEditor.js", "pattern": "/^        value={title}$/", "language": "JavaScript", "kind": "field", "scope": "NoteEditor.value", "scopeKind": "class"}], "hash": "f0f7bf61e7f6a9cd8b337dfbee472520", "format-version": 4, "code-base-name": "notes_frontend", "filename": "notes_frontend/src/components/NoteEditor.js", "fields": [{"name": "rows={14}", "scope": "NoteEditor.rows", "scopeKind": "class", "description": "unavailable"}, {"name": "value={content}", "scope": "NoteEditor.value", "scopeKind": "class", "description": "unavailable"}, {"name": "value={title}", "scope": "NoteEditor.value", "scopeKind": "class", "description": "unavailable"}], "revision_history": [{"35": "303e2bb4cce33c3c1fc0eb0a5cb429676768a726"}]}