{"is_source_file": false, "format": "", "description": "", "external_files": [], "external_methods": [], "published": [], "classes": [], "methods": [], "calls": [], "search-terms": ["App.css", "CSS variables", "light theme", "notesApp", "appHeader", "statusPill", "notesLayout", "editorPanel", "textInput", "btnPrimary"], "state": 2, "file_id": 9, "knowledge_revision": 30, "git_revision": "303e2bb4cce33c3c1fc0eb0a5cb429676768a726", "revision_history": [{"20": "aca29d52470278c6baecfb5ee34b2de5e1efbe6c"}, {"30": "303e2bb4cce33c3c1fc0eb0a5cb429676768a726"}], "hash": "3a91beb12ba6a63b979b3054eeb188ab", "format-version": 4, "code-base-name": "notes_frontend", "filename": "notes_frontend/src/App.css"}