{"is_source_file": true, "format": "JavaScript", "description": "Setup file for configuring testing environment with jest-dom matchers in a React project.", "external_files": ["@testing-library/jest-dom"], "external_methods": [], "published": [], "classes": [], "methods": [], "calls": ["import '@testing-library/jest-dom'"], "search-terms": ["setupTests.js", "jest-dom", "testing-library", "React", "test environment"], "state": 2, "file_id": 11, "knowledge_revision": 25, "git_revision": "aca29d52470278c6baecfb5ee34b2de5e1efbe6c", "ctags": [], "hash": "1a77571e1a8cf36018a41bcedf60db75", "format-version": 4, "code-base-name": "notes_frontend", "filename": "notes_frontend/src/setupTests.js", "revision_history": [{"25": "aca29d52470278c6baecfb5ee34b2de5e1efbe6c"}]}