{"is_source_file": true, "format": "JavaScript/React JSX", "description": "Main application component for a notes app, including state management, UI logic, and component composition.", "external_files": ["./components/AppHeader", "./components/Sidebar", "./components/NoteEditor", "./App.css"], "external_methods": ["window.confirm", "setTimeout"], "published": ["App"], "classes": [], "methods": [{"name": "generateId()", "description": "Creates a unique ID for in-memory notes, avoiding external dependencies.", "scope": "", "scopeKind": ""}, {"name": "getMockNotes()", "description": "Provides initial mock notes data for the app.", "scope": "", "scopeKind": ""}, {"name": "handleSelectNote", "description": "Handles user selection of a note."}, {"name": "handleCreateNote", "description": "Creates a new note and updates state accordingly."}, {"name": "handleDeleteNote", "description": "Deletes a note after user confirmation and updates state."}, {"name": "handleUpdateNote", "description": "Updates note content and title, with basic validation."}, {"name": "clearErrorSoon", "description": "Clears transient error messages after a delay."}, {"name": "App()", "scope": "", "scopeKind": "", "description": "unavailable"}], "calls": ["useMemo", "useState", "setNotes", "setSelectedNoteId", "window.setTimeout", "setErrorMessage", "notes.find", "notes.filter", "notes.map", "window.confirm"], "search-terms": ["React App", "notes state management", "note creation and deletion", "UI placeholders", "mock notes", "unique ID generation"], "state": 2, "file_id": 8, "knowledge_revision": 26, "git_revision": "303e2bb4cce33c3c1fc0eb0a5cb429676768a726", "revision_history": [{"24": "aca29d52470278c6baecfb5ee34b2de5e1efbe6c"}, {"26": "303e2bb4cce33c3c1fc0eb0a5cb429676768a726"}], "ctags": [{"_type": "tag", "name": "App", "path": "/home/kavia/workspace/code-generation/simple-notes-application-315270-315279/notes_frontend/src/App.js", "pattern": "/^function App() {$/", "language": "JavaScript", "kind": "function", "signature": "()"}, {"_type": "tag", "name": "content", "path": "/home/kavia/workspace/code-generation/simple-notes-application-315270-315279/notes_frontend/src/App.js", "pattern": "/^      content: \"\",$/", "language": "JavaScript", "kind": "property", "scope": "App.newNote", "scopeKind": "class"}, {"_type": "tag", "name": "generateId", "path": "/home/kavia/workspace/code-generation/simple-notes-application-315270-315279/notes_frontend/src/App.js", "pattern": "/^function generateId() {$/", "language": "JavaScript", "kind": "function", "signature": "()"}, {"_type": "tag", "name": "getMockNotes", "path": "/home/kavia/workspace/code-generation/simple-notes-application-315270-315279/notes_frontend/src/App.js", "pattern": "/^function getMockNotes() {$/", "language": "JavaScript", "kind": "function", "signature": "()"}, {"_type": "tag", "name": "handleCreateNote", "path": "/home/kavia/workspace/code-generation/simple-notes-application-315270-315279/notes_frontend/src/App.js", "pattern": "/^          onCreateNote={handleCreateNote}$/", "language": "JavaScript", "kind": "field", "scope": "App.onCreateNote", "scopeKind": "class"}, {"_type": "tag", "name": "handleDeleteNote", "path": "/home/kavia/workspace/code-generation/simple-notes-application-315270-315279/notes_frontend/src/App.js", "pattern": "/^          onDeleteNote={handleDeleteNote}$/", "language": "JavaScript", "kind": "field", "scope": "App.onDeleteNote", "scopeKind": "class"}, {"_type": "tag", "name": "handleSelectNote", "path": "/home/kavia/workspace/code-generation/simple-notes-application-315270-315279/notes_frontend/src/App.js", "pattern": "/^          onSelectNote={handleSelectNote}$/", "language": "JavaScript", "kind": "field", "scope": "App.onSelectNote", "scopeKind": "class"}, {"_type": "tag", "name": "id", "path": "/home/kavia/workspace/code-generation/simple-notes-application-315270-315279/notes_frontend/src/App.js", "pattern": "/^      id: generateId(),$/", "language": "JavaScript", "kind": "property", "scope": "App.newNote", "scopeKind": "class"}, {"_type": "tag", "name": "id", "path": "/home/kavia/workspace/code-generation/simple-notes-application-315270-315279/notes_frontend/src/App.js", "pattern": "/^  const handleUpdateNote = ({ id, title, content }) => {$/", "language": "JavaScript", "kind": "field", "scope": "App.handleUpdateNote", "scopeKind": "class"}, {"_type": "tag", "name": "isLoading", "path": "/home/kavia/workspace/code-generation/simple-notes-application-315270-315279/notes_frontend/src/App.js", "pattern": "/^          isLoading={isLoading}$/", "language": "JavaScript", "kind": "field", "scope": "App.isLoading", "scopeKind": "class"}, {"_type": "tag", "name": "newNote", "path": "/home/kavia/workspace/code-generation/simple-notes-application-315270-315279/notes_frontend/src/App.js", "pattern": "/^    const newNote = {$/", "language": "JavaScript", "kind": "class", "scope": "App", "scopeKind": "class"}, {"_type": "tag", "name": "notes", "path": "/home/kavia/workspace/code-generation/simple-notes-application-315270-315279/notes_frontend/src/App.js", "pattern": "/^          notes={notes}$/", "language": "JavaScript", "kind": "field", "scope": "App.notes", "scopeKind": "class"}, {"_type": "tag", "name": "selectedNoteId", "path": "/home/kavia/workspace/code-generation/simple-notes-application-315270-315279/notes_frontend/src/App.js", "pattern": "/^          selectedNoteId={selectedNoteId}$/", "language": "JavaScript", "kind": "field", "scope": "App.selectedNoteId", "scopeKind": "class"}, {"_type": "tag", "name": "title", "path": "/home/kavia/workspace/code-generation/simple-notes-application-315270-315279/notes_frontend/src/App.js", "pattern": "/^      title: \"Untitled note\",$/", "language": "JavaScript", "kind": "property", "scope": "App.newNote", "scopeKind": "class"}, {"_type": "tag", "name": "updatedAt", "path": "/home/kavia/workspace/code-generation/simple-notes-application-315270-315279/notes_frontend/src/App.js", "pattern": "/^      updatedAt: new Date().toISOString(),$/", "language": "JavaScript", "kind": "property", "scope": "App.newNote", "scopeKind": "class"}], "hash": "66014a222ef8c6be2dc657a02f6a1d33", "format-version": 4, "code-base-name": "notes_frontend", "filename": "notes_frontend/src/App.js", "fields": [{"name": "content: \"\",", "scope": "App.newNote", "scopeKind": "class", "description": "unavailable"}, {"name": "onCreateNote={handleCreateNote}", "scope": "App.onCreateNote", "scopeKind": "class", "description": "unavailable"}, {"name": "onDeleteNote={handleDeleteNote}", "scope": "App.onDeleteNote", "scopeKind": "class", "description": "unavailable"}, {"name": "onSelectNote={handleSelectNote}", "scope": "App.onSelectNote", "scopeKind": "class", "description": "unavailable"}, {"name": "id: generateId(),", "scope": "App.newNote", "scopeKind": "class", "description": "unavailable"}, {"name": "const handleUpdateNote = ({ id, title, content }) => {", "scope": "App.handleUpdateNote", "scopeKind": "class", "description": "unavailable"}, {"name": "isLoading={isLoading}", "scope": "App.isLoading", "scopeKind": "class", "description": "unavailable"}, {"name": "notes={notes}", "scope": "App.notes", "scopeKind": "class", "description": "unavailable"}, {"name": "selectedNoteId={selectedNoteId}", "scope": "App.selectedNoteId", "scopeKind": "class", "description": "unavailable"}, {"name": "title: \"Untitled note\",", "scope": "App.newNote", "scopeKind": "class", "description": "unavailable"}, {"name": "updatedAt: new Date().toISOString(),", "scope": "App.newNote", "scopeKind": "class", "description": "unavailable"}]}